{
  "chosen_model": "Regressao logistica",
  "target_definition": "1 quando nps_score <= 6; 0 quando nps_score > 6",
  "excluded_to_avoid_leakage": [
    "repeat_purchase_30d",
    "csat_internal_score"
  ],
  "train_rows": 2000,
  "test_rows": 500,
  "test_detractor_rate": 0.74,
  "confusion_matrix": [
    [
      103,
      27
    ],
    [
      79,
      291
    ]
  ],
  "classification_report": {
    "0": {
      "precision": 0.5659340659340659,
      "recall": 0.7923076923076923,
      "f1-score": 0.6602564102564102,
      "support": 130.0
    },
    "1": {
      "precision": 0.9150943396226415,
      "recall": 0.7864864864864864,
      "f1-score": 0.8459302325581395,
      "support": 370.0
    },
    "accuracy": 0.788,
    "macro avg": {
      "precision": 0.7405142027783538,
      "recall": 0.7893970893970894,
      "f1-score": 0.7530933214072748,
      "support": 500.0
    },
    "weighted avg": {
      "precision": 0.8243126684636118,
      "recall": 0.788,
      "f1-score": 0.7976550387596899,
      "support": 500.0
    }
  }
}