model,roc_auc,average_precision,accuracy,precision_detractor,recall_detractor,f1_detractor
Regressao logistica,0.8770893970893971,0.9467603669730494,0.788,0.9150943396226415,0.7864864864864864,0.8459302325581395
Random forest,0.8687318087318088,0.9298206901172908,0.812,0.9011627906976745,0.8378378378378378,0.8683473389355743
Baseline majoritario,0.5,0.74,0.74,0.74,1.0,0.8505747126436781
