resolution_band,pedidos,nps_medio,taxa_detratores,taxa_promotores
0-2 dias,629,5.040858505564388,64.22893481717011,7.472178060413355
3-5 dias,619,4.5079159935379645,73.18255250403877,5.169628432956381
6-8 dias,637,4.175196232339089,77.39403453689168,2.9827315541601256
9+ dias,615,3.7817886178861793,81.46341463414633,1.951219512195122
