customer_region,pedidos,nps_medio,taxa_detratores,taxa_promotores
Centro-Oeste,468,4.20982905982906,74.35897435897436,5.3418803418803416
Nordeste,485,4.421649484536083,74.02061855670104,4.329896907216495
Norte,506,4.3826086956521735,74.50592885375494,3.557312252964427
Sudeste,520,4.373846153846154,74.61538461538461,4.423076923076923
Sul,521,4.490978886756238,72.7447216890595,4.414587332053743
