delay_band,pedidos,nps_medio,taxa_detratores,taxa_promotores
Sem atraso,277,6.856678700361011,36.462093862815884,18.050541516245488
1-2 dias,1261,5.051308485329104,67.72402854877082,4.520222045995242
3-4 dias,795,3.099748427672956,91.82389937106919,0.37735849056603776
5+ dias,167,1.2766467065868263,99.40119760479041,0.0
