complaints_band,pedidos,nps_medio,taxa_detratores,taxa_promotores
0-1,145,7.88896551724138,7.586206896551724,24.137931034482758
2-3,784,5.313647959183673,59.056122448979586,6.887755102040815
4-5,1044,3.975095785440613,84.19540229885058,1.9157088122605364
6+,527,2.8210626185958256,94.49715370018976,0.18975332068311196
