contacts_band,pedidos,nps_medio,taxa_detratores,taxa_promotores
0,554,5.543501805054151,59.205776173285194,10.288808664259928
1,816,4.657107843137255,70.34313725490196,4.411764705882353
2,640,4.11640625,79.0625,2.1875
3+,490,2.940204081632653,90.40816326530611,0.6122448979591837
