regiao,records,default_rate,roc_auc,mean_predicted_probability
Centro-Oeste,161,0.10559006211180125,0.772875816993464,0.11730825780578427
Nordeste,248,0.125,0.6429314701947376,0.12091718969276147
Norte,83,0.12048192771084337,0.7986301369863015,0.12050447824713126
Sudeste,568,0.13380281690140844,0.7238714163457424,0.12142011912093337
Sul,190,0.09473684210526316,0.8116925064599483,0.11797603964058699
