faixa_idade,records,default_rate,roc_auc,mean_predicted_probability
18-29,281,0.13167259786476868,0.7270713336287108,0.1281866974827969
30-39,247,0.11336032388663968,0.7369536855838226,0.10922909213043386
40-49,245,0.1346938775510204,0.7344196683819326,0.11961316615197477
50-59,224,0.09375,0.7034951911799202,0.11307569275429165
60+,253,0.13043478260869565,0.7246556473829201,0.12894786879198203
